deterministic_rank,difficulty_rank_min,difficulty_rank_max,difficulty_tier_wrong_models,correct_models_B,difficulty_fraction,selection_status,cutoff_tie,tie_break_namespace,tie_break_sha256,primary_500_position,question_id,source_key,origin,replacement_id,replaces_question_id,candidate_id,region,year,specialty,exam_part,question_number,negated_stem,correct_letter,correct_option_text,question_text,option_a,option_b,option_c,option_d,content_sha256,raw_form_sha256,source_form_input_char_count,wrong_models_B,selected_letters_B,correct_models_A,gemini_selected_letter_B,gemini_strict_correct_B,gemini_strict_correct_A,glm_selected_letter_B,glm_strict_correct_B,glm_strict_correct_A,qwen_selected_letter_B,qwen_strict_correct_B,qwen_strict_correct_A,gemma_selected_letter_B,gemma_strict_correct_B,gemma_strict_correct_A
1,1,19,4,0,1.00000000,INVARIANT_HARD_CORE,False,openrouter_B-hard200-v1|,03cb5551899a11552fc339c9a3ac8e2fca822b0c09907f2a223c0a800b41a835,243,b370,castilla-la-mancha|2017|main|84,retained318,,,,Castilla-La Mancha,2017,aparato-digestivo,main,370,True,b,Ninguna de las respuestas anteriores es correcta.,Una de las siguientes afirmaciones no es correcta en relación con la hemocromatosis hereditaria,El mejor predictor de fibrosis en la Hemocromatosis hereditaria es el nivel de ferritina en sangre.,Ninguna de las respuestas anteriores es correcta.,La prueba de cribado de elección es la saturación de transferrina en sangre.,El fibroscán ® no está validado en el diagnóstico de fibrosis hepática en esta enfermedad.,24f8e67afe0030c3af128acc8c879536b692152497f9b80042fb332ffeb33fc0,bbdf1e622455cade95bf47f5dad038a0acd35e8ea5fbe333b9eb6c91d61cd90a,409,Gemini 3.6 Flash;GLM 5.2;Qwen 3.6 35B;Gemma 4 26B,Gemini 3.6 Flash=d;GLM 5.2=d;Qwen 3.6 35B=a;Gemma 4 26B=d,4,d,0,1,d,0,1,a,0,1,d,0,1
2,1,19,4,0,1.00000000,INVARIANT_HARD_CORE,False,openrouter_B-hard200-v1|,1ad4182bde494d5bfe4c695529843c5c9817d60ebf0dbc93c721182c0af05d1c,289,b455,aragon|2017|main|79,retained318,,,,Aragón,2017,aparato-digestivo,main,455,False,d,Ninguna de las respuestas anteriores es correcta.,¿Con qué infección vírica es mayor el riesgo de insuficiencia hepática aguda grave?,Virus A,Virus B,Virus C,Ninguna de las respuestas anteriores es correcta.,3d403608fc8d7a15ed6004b8a774b703d98c018b9055465075ae45d90fe05fd3,8b4012f301d9cf8f9e3abccaa4c2f43a02b9e4503e92762426b46e5f414101b9,153,Gemini 3.6 Flash;GLM 5.2;Qwen 3.6 35B;Gemma 4 26B,Gemini 3.6 Flash=b;GLM 5.2=b;Qwen 3.6 35B=b;Gemma 4 26B=b,1,b,0,1,b,0,0,b,0,0,b,0,0
3,1,19,4,0,1.00000000,INVARIANT_HARD_CORE,False,openrouter_B-hard200-v1|,41df47579a263267371e2d8c6ebe30bace225da71ad63b41886587c5265e166b,406,n088,castilla-y-leon|2019|main|43,new182,,,,Castilla y León,2019,aparato-digestivo,main,43,False,b,Ninguna de las respuestas anteriores es correcta.,"De los siguientes, señale el factor de riesgo más importante en relación con las úlceras por consumo de AINE:",Infección por H. pylori.,Ninguna de las respuestas anteriores es correcta.,Uso de glucocorticoides.,Edad > 70 años.,5671de60c0edfc57dad5062c90dee8b278a8aa10ae9af7d452c52bbc390042d8,feb96631b1c976bd55495b3b8940d22d3e986537877cff639caed58fe466d97e,221,Gemini 3.6 Flash;GLM 5.2;Qwen 3.6 35B;Gemma 4 26B,Gemini 3.6 Flash=d;GLM 5.2=d;Qwen 3.6 35B=d;Gemma 4 26B=d,4,d,0,1,d,0,1,d,0,1,d,0,1
4,1,19,4,0,1.00000000,INVARIANT_HARD_CORE,False,openrouter_B-hard200-v1|,490ec4f8951c2deef7a919a34732bbc6d1b88b0c39df34d98b6eb72b23850579,110,b170,navarra|2022|caso-clinico-1|95,retained318,,,,Navarra,2022,aparato-digestivo,caso-clinico-1,170,False,d,Ninguna de las respuestas anteriores es correcta.,"Estás de guardia y te avisan desde Urgencias donde están valorando a una mujer de 67 años que ha acudido por presentar, en las últimas 3 horas, 2 deposiciones de características melénicas. Son las 22:45h.
En la analítica presenta: Hemoglobina 7.8 g/dL, urea 69 y Creatinina 0.9mg/dL. El resto de parámetros están dentro de la normalidad.
Rehistoriada la paciente refiere ingesta de ibuprofeno en los 3 días previos por un dolor en un molar. No tiene antecedentes médicos de interés salvo una dislipemia bien controlada con estatinas y es alérgica a las quinolonas. Fuma unos 15 cigarrillos cada día.
En la exploración física la TA es de 118/65 mmHg y la FC de 86 lpm. La paciente está eupneica y algo pálida. La auscultación cardio-pulmonar es normal y en la exploración abdominal refiere molestias a la palpación profunda en región epigástrica

Si nuestra paciente hubiera sido Helicobacter pylori positivo, cuánto tiempo aconsejarías mantener el tratamiento con inhibidores de la bomba de protones:",Indefinido ya que tiene > 65 años,8 semanas,El tiempo que dure el tratamiento erradicador,Ninguna de las respuestas anteriores es correcta.,7d30f33bcf4627ecb141d0763b650111ba57ccb3c5a5add038765ef28843fb46,9558125886354eff35ac624b122acf5331994ab2e03394107f808061fe28e50e,1136,Gemini 3.6 Flash;GLM 5.2;Qwen 3.6 35B;Gemma 4 26B,Gemini 3.6 Flash=b;GLM 5.2=b;Qwen 3.6 35B=b;Gemma 4 26B=c,1,b,0,0,b,0,0,b,0,0,c,0,1
5,1,19,4,0,1.00000000,INVARIANT_HARD_CORE,False,openrouter_B-hard200-v1|,4992e33e71bc36f6d2176add085d0d148da1fac8da7d2210d70d5160eecf7ca9,298,b470,aragon|2017|reserva-especifica|108,retained318,,,,Aragón,2017,aparato-digestivo,reserva-especifica,470,False,b,Ninguna de las respuestas anteriores es correcta.,"Paciente de 64 años, cirrosis alcohólica, creatinina de 3 mg/dl, ascitis, y no mejoría tras expansión plasmática; sin proteinuria ni hematuria, con ecografía renal normal, y baja eliminación de sodio. Describa como será su situación hemodinámica.",Resistencia vascular sistémica aumentada con gasto cardíaco disminuido y filtrado glomerular alto.,Ninguna de las respuestas anteriores es correcta.,"Resistencia sistémica aumentada, gasto cardíaco alto y filtrado glomerular disminuido.","Resistencia vascular baja, gasto cardíaco alto y filtrado glomerular disminuido.",aea7fb390460df2a056601dd65444eb52370a0042a5fe4005d0bd7fd4f0dc6bf,a4ea814493ac02b7e0d68137a49b70f49c7e5d13a6d6dbe8ad1691975620f3d9,559,Gemini 3.6 Flash;GLM 5.2;Qwen 3.6 35B;Gemma 4 26B,Gemini 3.6 Flash=d;GLM 5.2=d;Qwen 3.6 35B=d;Gemma 4 26B=d,0,d,0,0,d,0,0,d,0,0,d,0,0
6,1,19,4,0,1.00000000,INVARIANT_HARD_CORE,False,openrouter_B-hard200-v1|,4a0a256aaf75db991069f3d321917845fd24bf62aeaffd3fb6766bfabcd482a9,211,b322,comunidad-de-madrid|2021|main|42,retained318,,,,Comunidad de Madrid,2021,aparato-digestivo,main,322,False,b,Ninguna de las respuestas anteriores es correcta.,Un paciente con Insuficiencia Hépatica Aguda Grave NO suele tener:,Descenso del factor V,Ninguna de las respuestas anteriores es correcta.,Hipoalbuminemia,Aumento de la presion intracraneal,0a7895d91b6534a53936caadec820e284193683fbbc130e760f3d1e2ade99a17,41118932c376881ab07b54da929b0f16e3ec9ed9ece47658226569a821075861,185,Gemini 3.6 Flash;GLM 5.2;Qwen 3.6 35B;Gemma 4 26B,Gemini 3.6 Flash=c;GLM 5.2=c;Qwen 3.6 35B=c;Gemma 4 26B=c,3,c,0,1,c,0,1,c,0,0,c,0,1
7,1,19,4,0,1.00000000,INVARIANT_HARD_CORE,False,openrouter_B-hard200-v1|,5b9931076c5fdfacfde1a7d6cca4148f440221e7ec29b4cc9e64d4c370fca031,274,b425,aragon|2017|reserva-especifica|102,retained318,,,,Aragón,2017,aparato-digestivo,reserva-especifica,425,False,c,Ninguna de las respuestas anteriores es correcta.,¿Cuál es el tratamiento de rescate recomendado en pacientes con hepatitis crónica B que han desarrollado resistencia a lamivudina?,Combinación de lamivudina y tenofovir.,Combinación de lamivudina y entecavir.,Ninguna de las respuestas anteriores es correcta.,Monoterapia con entecavir.,bfed4d89a3b3df48a4e34aab4b1e70223a483da433aab6b09e7f9fed1e770002,b0908a712e2fda4cef51aac3939ab58515abc0b18206b40d4485e617d3882752,281,Gemini 3.6 Flash;GLM 5.2;Qwen 3.6 35B;Gemma 4 26B,Gemini 3.6 Flash=a;GLM 5.2=a;Qwen 3.6 35B=a;Gemma 4 26B=d,4,a,0,1,a,0,1,a,0,1,d,0,1
8,1,19,4,0,1.00000000,INVARIANT_HARD_CORE,False,openrouter_B-hard200-v1|,5fe200c2b77eb5c0e268f94bf64987e5b4321452dc2abfbf8bcf0bb4c262c3b9,465,n147,castilla-la-mancha|2022|main|20,new182,,,,Castilla-La Mancha,2022,aparato-digestivo,main,20,False,d,Ninguna de las respuestas anteriores es correcta.,¿Cuál de las siguientes lesiones subepiteliales gástricas tendrá una mayor capacidad para crecer y diseminar a distancia?,Lipoma gástrico de 3cm,Pólipo inflamatorio fibroide en antro gástrico,Tumor carcinoide gástrico en paciente con hipergastrinemia.,Ninguna de las respuestas anteriores es correcta.,ca2622b39c009c8cc89ea76f2480ff5e09076d080ec3937a8b3213d95ed82271,3fb963c71bcedd9faae5e4f5f8f78e78ed54de9e500783c8dd6fa872a34cbaa4,297,Gemini 3.6 Flash;GLM 5.2;Qwen 3.6 35B;Gemma 4 26B,Gemini 3.6 Flash=c;GLM 5.2=c;Qwen 3.6 35B=c;Gemma 4 26B=c,4,c,0,1,c,0,1,c,0,1,c,0,1
9,1,19,4,0,1.00000000,INVARIANT_HARD_CORE,False,openrouter_B-hard200-v1|,6a274e2495cf5a53c34ff6d889ee01acedf9d23f45ae3fae031cb874feeeb4e0,247,b374,castilla-la-mancha|2017|main|71,retained318,,,,Castilla-La Mancha,2017,aparato-digestivo,main,374,False,d,Ninguna de las respuestas anteriores es correcta.,"En un paciente infectado por el genotipo 3 del VHC y con un índice de fibrosis ≤ 2, ¿Qué tratamiento antiviral no estaría indicado?",Sofosvubir / velpatasvir / voxilaprevir.,Glecaprevir / pibrentasvir.,Sofosvubir / velpatasvir.,Ninguna de las respuestas anteriores es correcta.,2a1583af7726f2327c0abbae65f3cd4836ad36a2c0875629eedbbc1eb1be8aff,9ea8392b7fa063e6072c9e254cf404d02aebc0d54c59e65fa5fe25efd76aa5ee,272,Gemini 3.6 Flash;GLM 5.2;Qwen 3.6 35B;Gemma 4 26B,Gemini 3.6 Flash=a;GLM 5.2=a;Qwen 3.6 35B=a;Gemma 4 26B=a,4,a,0,1,a,0,1,a,0,1,a,0,1
10,1,19,4,0,1.00000000,INVARIANT_HARD_CORE,False,openrouter_B-hard200-v1|,6cd1c460784470af9e827eff4accb13e357802e749cf816b0f79649a55284328,109,b168,navarra|2022|caso-clinico-1|93,retained318,,,,Navarra,2022,aparato-digestivo,caso-clinico-1,168,False,b,Ninguna de las respuestas anteriores es correcta.,"Estás de guardia y te avisan desde Urgencias donde están valorando a una mujer de 67 años que ha acudido por presentar, en las últimas 3 horas, 2 deposiciones de características melénicas. Son las 22:45h.
En la analítica presenta: Hemoglobina 7.8 g/dL, urea 69 y Creatinina 0.9mg/dL. El resto de parámetros están dentro de la normalidad.
Rehistoriada la paciente refiere ingesta de ibuprofeno en los 3 días previos por un dolor en un molar. No tiene antecedentes médicos de interés salvo una dislipemia bien controlada con estatinas y es alérgica a las quinolonas. Fuma unos 15 cigarrillos cada día.
En la exploración física la TA es de 118/65 mmHg y la FC de 86 lpm. La paciente está eupneica y algo pálida. La auscultación cardio-pulmonar es normal y en la exploración abdominal refiere molestias a la palpación profunda en región epigástrica

En el transcurso de la gastroscopia a la paciente se le tomó una muestra para Test de ureasa con resultado negativo. A la vista de este hallazgo, señale la respuesta CORRECTA:","Como ha tomado AINES, asumimos que ésa es la causa de la úlcera y, en el futuro, sólo deberemos aconsejar que no tome AINES o que asocie gastroprotección en caso de ser imprescindibles",Ninguna de las respuestas anteriores es correcta.,"Como tiene una hemorragia, el test de ureasa puede ser un falso negativo y habrá que realizar nueva gastroscopia para confirmar la cicatrización de la úlcera y tomar nuevas muestras","Como tiene más de 65 años, y ha sido una úlcera complicada, deberá hacer gastroprotección indefinida por lo que la presencia de Helicobácter es irrelevante",5f97d03db8af31628790de12f8954f5c420cb52f35f2b72695c317d3171419b1,bfac240209da4dbbbf8ce5157c83543550af871d253b5c8ea015a3c976565789,1590,Gemini 3.6 Flash;GLM 5.2;Qwen 3.6 35B;Gemma 4 26B,Gemini 3.6 Flash=c;GLM 5.2=c;Qwen 3.6 35B=c;Gemma 4 26B=a,4,c,0,1,c,0,1,c,0,1,a,0,1
11,1,19,4,0,1.00000000,INVARIANT_HARD_CORE,False,openrouter_B-hard200-v1|,7b5685d09e9359308db8e1137c9b69728aa8d6cbb222ecab81022301ee654ed7,430,n112,andalucia|2022|cuestionario-teorico|46,new182,,,,Andalucía,2022,aparato-digestivo,cuestionario-teorico,46,False,c,Ninguna de las respuestas anteriores es correcta.,"Un hombre de 41 años, con historia de síndrome de intestino corto y en nutrición parenteral domiciliaria en los últimos 2 años, acude a consulta por presentar ictericia franca de piel y mucosas, así como varios episodios de confusión que le impedían realizar tareas sencillas. Refiere aumento del perímetro abdominal y disminución de la diuresis. En la exploración se apreció ascitis no a tensión, edemas maleolares bilaterales, así como asterixis. Hemoglobina 10 g/dl; plaquetas: 109.000 cels/mcL; bilirrubina total 8 mg/dl; fosfatasa alcalina 155 U/L; AST: 40 U/L; ALT: 50 U/L; creatinina 1,8 mg/dl; INR: 1,9. En la planificación del manejo a largo plazo de este paciente, ¿cuál sería su mejor opción?",Trasplante intestinal.,Agonistas GLP-2 (Teduglutide).,Ninguna de las respuestas anteriores es correcta.,Optimización de la nutrición parenteral domiciliaria.,5837fbd2f5a79b53d88a7f24beda3029fe805e607dfd1ea839b0496f81380917,e58325f44d454337921f5e71743dfd6031fc1a71ea50f7f9b134d341ab9bb8a3,857,Gemini 3.6 Flash;GLM 5.2;Qwen 3.6 35B;Gemma 4 26B,Gemini 3.6 Flash=a;GLM 5.2=a;Qwen 3.6 35B=a;Gemma 4 26B=a,4,a,0,1,a,0,1,a,0,1,a,0,1
12,1,19,4,0,1.00000000,INVARIANT_HARD_CORE,False,openrouter_B-hard200-v1|,8b078266b383da862a6f38df93784dda1b8d209da31f15c6814c0dad69877c1a,232,b355,la-rioja|2021|main|37,retained318,,,,La Rioja,2021,aparato-digestivo,main,355,True,d,Ninguna de las respuestas anteriores es correcta.,"En relación al carcinoma hepatocelular, señale la respuesta falsa:",La determinación de AFP no es útil para el diagnóstico del carcinoma hepatocelular.,Respecto a la radioembolización transarterial (TARE) no existe evidencia científica para recomendar esta opción terapéutica en pacientes con carcinoma hepatocelular avanzado.,En los estudios publicados se ha mostrado que la RM con contraste órgano-específica no ofreció mayor sensibilidad ni precisión diagnóstica respecto a la RM con contraste extracelular.,Ninguna de las respuestas anteriores es correcta.,3b6a8ac9553958ed20551f0925b36cdd5c957d2a41fbc5107be8bde3eb7ea9f8,e5db922f59f229a9934ed5cdd1fb1537db4f706d28dfb765a38258aabb7c67ea,555,Gemini 3.6 Flash;GLM 5.2;Qwen 3.6 35B;Gemma 4 26B,Gemini 3.6 Flash=c;GLM 5.2=c;Qwen 3.6 35B=c;Gemma 4 26B=a,1,c,0,1,c,0,0,c,0,0,a,0,0
13,1,19,4,0,1.00000000,INVARIANT_HARD_CORE,False,openrouter_B-hard200-v1|,9509253bab59f6f98ac6f41b2e2f38c5f2617b350b65d88f89efc7eb89da7a6a,130,b196,comunidad-de-madrid|2021|main|135,retained318,,,,Comunidad de Madrid,2021,aparato-digestivo,main,196,False,b,Ninguna de las respuestas anteriores es correcta.,En el contexto de un paciente con colangitis biliar primaria ¿qué hallazgo histológico es característico y se considera diagnóstico cuando se observa en la biopsia hepática?,Cuerpos de Councilman,Ninguna de las respuestas anteriores es correcta.,Fibrosis en puentes,Granulomas no caseificantes,daef912619d7020bb153fd0e2e7ede33bfb1fcbd754754b5c73ac80c1d6d87c9,f68758a4dfa4aebaa4ea0d070e7358b0c02839267ea1000a665cbdb97ca88f50,289,Gemini 3.6 Flash;GLM 5.2;Qwen 3.6 35B;Gemma 4 26B,Gemini 3.6 Flash=d;GLM 5.2=d;Qwen 3.6 35B=d;Gemma 4 26B=d,4,d,0,1,d,0,1,d,0,1,d,0,1
14,1,19,4,0,1.00000000,INVARIANT_HARD_CORE,False,openrouter_B-hard200-v1|,ad286c951f4b6fb6308f0ae3670e71febf9d860f0707cdfa5c645f39fd7bb7ae,448,n130,castilla-y-leon|2019|main|116,new182,,,,Castilla y León,2019,aparato-digestivo,main,116,False,c,Ninguna de las respuestas anteriores es correcta.,"En una colonoscopia de cribado se reseca un pólipo pediculado con adenocarcinoma que invade la submucosa, pero limitada a la cabeza del pólipo. Señale el tipo de lesión y seguimiento endoscópico necesario:",Haggitt 0. Colonoscopia a los 6 meses.,Haggitt 1. Colonoscopia a los 6 meses.,Ninguna de las respuestas anteriores es correcta.,Haggitt 2. Colonoscopia al año.,904b2cfe34a0ac2faeba6191a4e7d11030c247d2c3aeb03a6758eee975b09aa4,ad78a874dc46be1bfbceb1814f4064e2a2cdbc6354c566084ffab315158704f0,361,Gemini 3.6 Flash;GLM 5.2;Qwen 3.6 35B;Gemma 4 26B,Gemini 3.6 Flash=b;GLM 5.2=b;Qwen 3.6 35B=b;Gemma 4 26B=d,3,b,0,0,b,0,1,b,0,1,d,0,1
15,1,19,4,0,1.00000000,INVARIANT_HARD_CORE,False,openrouter_B-hard200-v1|,cc98e950ae41e0e22b75557bc2380c9c662f280d671635d4d74afcb8498a8045,141,b211,galicia|2016|reserva-especifica|108,retained318,,,,Galicia,2016,aparato-digestivo,reserva-especifica,211,True,b,Ninguna de las respuestas anteriores es correcta.,"En relación con la enfermedad celíaca en el adulto, señale la opción incorrecta:","En un porcentaje significativo de los adultos que siguen la dieta sin gluten, las biopsias solo muestran una mejoría parcial, recuperándose más rápidamente el íleon que el duodeno",Ninguna de las respuestas anteriores es correcta.,Se recomienda realizar una densitometría ósea al año del diagnóstico a todos los pacientes adultos celíacos.,"Además de la dieta sin gluten, algunos pacientes celíacos precisan suplementos de hierro, vitamina D, vitamina B12, ácido fólico o vitamina K.",35edcf95759c180d033b4d8a9177d8846bd03902fa6ef888a407be46d7c4721e,4bb6169332122f967b198dbf5fcdbefbe55f363c5bb1cae0423b9603583cf1d7,558,Gemini 3.6 Flash;GLM 5.2;Qwen 3.6 35B;Gemma 4 26B,Gemini 3.6 Flash=c;GLM 5.2=c;Qwen 3.6 35B=c;Gemma 4 26B=a,3,c,0,1,c,0,1,c,0,0,a,0,1
16,1,19,4,0,1.00000000,INVARIANT_HARD_CORE,False,openrouter_B-hard200-v1|,d829a86e9ade774e4464f9c1451d8fa886b4aed5e589c9749dfebf2defa73b67,214,b326,andalucia|2021|cuestionario-teorico|31,retained318,,,,Andalucía,2021,aparato-digestivo,cuestionario-teorico,326,False,c,Ninguna de las respuestas anteriores es correcta.,¿Cuál de los siguientes hallazgos (aisladamente) permitiría establecer con mas seguridad el diagnóstico de síndrome de hipertensión portal secundario a hepatopatía crónica?,Ascitis en ecografía.,Varices esofágicas en endoscopia alta.,Ninguna de las respuestas anteriores es correcta.,Un flujo portal hepatópeto inferior a 20 cm/seg en ecografía doppler.,bf49ecd79dabc7952325f899af645a26af11b2bc660f81c318fc5005e6730294,4d78df46ef016a0b43ed11fcc057e986b2d0e04ab5a1c91449d8e36ac19a8b90,349,Gemini 3.6 Flash;GLM 5.2;Qwen 3.6 35B;Gemma 4 26B,Gemini 3.6 Flash=b;GLM 5.2=b;Qwen 3.6 35B=b;Gemma 4 26B=b,1,b,0,0,b,0,1,b,0,0,b,0,0
17,1,19,4,0,1.00000000,INVARIANT_HARD_CORE,False,openrouter_B-hard200-v1|,da126fa4d3ffbca75dfe6840f1063bec3011081442f398495b0973fb2e89f50c,494,n176,galicia|2022|main|52,new182,,,,Galicia,2022,aparato-digestivo,main,52,False,b,Ninguna de las respuestas anteriores es correcta.,"Paciente de 45 años que acude a servicio de urgencias hospitalarias tras ingesta voluntaria, con ideación autolítica, de cáustico ácido en grandes cantidades. A su llegada a urgencias presenta mal estado general y dolor torácico intenso tras vómitos constantes durante su traslado en ambulancia. Tras estabilización hemodinámica, se aprecia en analítica acidosis con intensa neutrofilia. Valorado por otorrinolaringología se aprecia eritema y edema generalizado en cavidad oral, manteniendo permeabilidad de vía aérea. ¿Qué prueba diagnóstica debe indicarse a continuación?",TAC toracoabdominal sin contraste.,Ninguna de las respuestas anteriores es correcta.,Endoscopia digestiva alta.,Tránsito esofagogastroduodenal.,0e637540a78b6a48fcb96697acf414933a610dccf0790f59ffa7096dd357af39,ea396b929c64b557170da96f74ac33675fbbc018329ca8fbe370c85ecb168541,713,Gemini 3.6 Flash;GLM 5.2;Qwen 3.6 35B;Gemma 4 26B,Gemini 3.6 Flash=a;GLM 5.2=a;Qwen 3.6 35B=c;Gemma 4 26B=c,2,a,0,1,a,0,1,c,0,0,c,0,0
18,1,19,4,0,1.00000000,INVARIANT_HARD_CORE,False,openrouter_B-hard200-v1|,e4ea3f351cffb2a2cd803df1ec5ee5d880f65e2d44fd95c256870635706780ff,82,b123,illes-balears|2022|caso-6|126,retained318,,,,Illes Balears,2022,aparato-digestivo,caso-6,123,False,b,Ninguna de las respuestas anteriores es correcta.,"Paciente de 62 años con los antecedentes siguientes:

No alergias.

Exfumador: tabaquismo activo desde la juventud hasta los 58 años.

Tosedor habitual.

Consumo diario de alcohol desde hace más de diez años. Consume dos cañas de cerveza, cuatro vasos de vino y dos carajillos al día. El fin de semana toma alguna cerveza más en fiestas y celebraciones y uno o dos gin-tonics.

Dice que no toma drogas.

Dice que no tiene antecedentes patológicos relevantes. No hace controles con su médico de cabecera. Nunca va al médico.
Enfermedad actual: consulta por distensión abdominal molesta, un aumento del perímetro abdominal progresivo de dos semanas de evolución y piernas hinchadas.

Exploración física: bien coloreado, subictericia conjuntival dudosa, arañas vasculares y telangiectasias en el tronco, eritema palmar e hipertrofia parotídea.

Cardiocirculatorio: pulsos rítmicos 90 lpm, soplo sistólico plurifocal, no ingurgitación yugular, edemas maleolares moderados.

Respiración: espiración un poco alargada, algún roncus diseminado.
Abdomen: muy distendido; indoloro a la presión o a la descompresión; sin defensa; matidez en flancos; la matidez cambia con los cambios posturales; signo de la ola; hepatomegalia de tres traveses, lisa e indolora; esplenomegalia dudosa, difícil de delimitar; pequeña protrusión umbilical; no reflujo hepatoyugular.

Radiografía del tórax: elevación de ambos hemidiafragmas.

Radiografía del abdomen: aumento difuso de la densidad, se aprecia perfil hepático y esplénico.

Electrocardiograma normal.

Analítica:
Leucocitos: 3.100/mm³ (3.000-10.000); Hto: 39 % (40-46); Hb: 12,1 g/dl (12-15); VCM: 105 fl (80-100); plaquetas: 105.000/mm³ (150.000-400.000); Quick: 59 % (> 70 %); INR: 1.4 (N 0.8-1.2); creatinina: 1.0 mg/dl; urea: 40 mg/dl; Na: 136 mEq/L; K: 4 mEq/L; urato: 7.9 (< 7); bilirrubina total: 1.9 mg/dl (< 1.3) GOT (ASAT): 105 UI/ml (< 40); GPT (ALAT): 50 UI/ml (< 40); GGT: 480 UI/ml (< 45); FA: 125 UI/ml (< 135); albúmina: 3,2 g/dl (> 3,5).

El resto de la analítica básica es normal.
Ecografía abdominal: líquido libre muy abundante, hígado de ecogenicidad aumentada difusamente, heterogéneo, difícil de ver por la ascitis. Forma hepática

irregular un poco abollonada, macronodular. Vena porta permeable, dilatada. Venas suprahepáticas permeables, no dilatadas. Vía biliar intrahepática y extrahepática normal. Vesícula con litiasis múltiple, no distendida y no edematosa. Bazo ligeramente aumentado de tamaño (15 cm de longitud máxima). El resto no tiene alteraciones. Páncreas no visto por interposición de aire.

Se hace una paracentesis (diagnóstica y evacuadora), y se obtienen 6.000 ml de ascitis.

Análisis del líquido ascítico:
- Glucosa: 120 mg/dl.
- Proteínas: 1,0 g/dl.
- Albúmina: 0,8 g/dl.
- LDH: 40 ui/ml.
- Hematíes: 100 /mm³.
- Leucocitos: 220 /mm³.

¿Qué tratamiento hay que administrar siempre tras una paracentesis evacuadora para prevenir la disfunción circulatoria y la insuficiencia renal posparacentesis?",Albúmina IV siempre.,Ninguna de las respuestas anteriores es correcta.,Expansores del plasma siempre.,"Expansores del plasma, pero solo en caso de que en la paracentesis se evacúen más de cinco litros de ascitis.",b8ab5ff2758445f5182035aa63d4d89940fb563f7473298154772ef7c3e8d31a,7f30a48a8b3b75e326bfe79463901a12366be93080bbef9d2f5f57f5fc571297,3186,Gemini 3.6 Flash;GLM 5.2;Qwen 3.6 35B;Gemma 4 26B,Gemini 3.6 Flash=d;GLM 5.2=d;Qwen 3.6 35B=a;Gemma 4 26B=d,4,d,0,1,d,0,1,a,0,1,d,0,1
19,1,19,4,0,1.00000000,INVARIANT_HARD_CORE,False,openrouter_B-hard200-v1|,f8c01d8425195de9e8fb5f9a0bb33509ba9eb95999c4df3e0ada1153e0e6ed65,88,b134,illes-balears|2022|caso-6|137,retained318,,,,Illes Balears,2022,aparato-digestivo,caso-6,134,False,b,Ninguna de las respuestas anteriores es correcta.,"Paciente de 62 años con los antecedentes siguientes:

No alergias.

Exfumador: tabaquismo activo desde la juventud hasta los 58 años.

Tosedor habitual.

Consumo diario de alcohol desde hace más de diez años. Consume dos cañas de cerveza, cuatro vasos de vino y dos carajillos al día. El fin de semana toma alguna cerveza más en fiestas y celebraciones y uno o dos gin-tonics.

Dice que no toma drogas.

Dice que no tiene antecedentes patológicos relevantes. No hace controles con su médico de cabecera. Nunca va al médico.
Enfermedad actual: consulta por distensión abdominal molesta, un aumento del perímetro abdominal progresivo de dos semanas de evolución y piernas hinchadas.

Exploración física: bien coloreado, subictericia conjuntival dudosa, arañas vasculares y telangiectasias en el tronco, eritema palmar e hipertrofia parotídea.

Cardiocirculatorio: pulsos rítmicos 90 lpm, soplo sistólico plurifocal, no ingurgitación yugular, edemas maleolares moderados.

Respiración: espiración un poco alargada, algún roncus diseminado.
Abdomen: muy distendido; indoloro a la presión o a la descompresión; sin defensa; matidez en flancos; la matidez cambia con los cambios posturales; signo de la ola; hepatomegalia de tres traveses, lisa e indolora; esplenomegalia dudosa, difícil de delimitar; pequeña protrusión umbilical; no reflujo hepatoyugular.

Radiografía del tórax: elevación de ambos hemidiafragmas.

Radiografía del abdomen: aumento difuso de la densidad, se aprecia perfil hepático y esplénico.

Electrocardiograma normal.

Analítica:
Leucocitos: 3.100/mm³ (3.000-10.000); Hto: 39 % (40-46); Hb: 12,1 g/dl (12-15); VCM: 105 fl (80-100); plaquetas: 105.000/mm³ (150.000-400.000); Quick: 59 % (> 70 %); INR: 1.4 (N 0.8-1.2); creatinina: 1.0 mg/dl; urea: 40 mg/dl; Na: 136 mEq/L; K: 4 mEq/L; urato: 7.9 (< 7); bilirrubina total: 1.9 mg/dl (< 1.3) GOT (ASAT): 105 UI/ml (< 40); GPT (ALAT): 50 UI/ml (< 40); GGT: 480 UI/ml (< 45); FA: 125 UI/ml (< 135); albúmina: 3,2 g/dl (> 3,5).

El resto de la analítica básica es normal.
Ecografía abdominal: líquido libre muy abundante, hígado de ecogenicidad aumentada difusamente, heterogéneo, difícil de ver por la ascitis. Forma hepática

irregular un poco abollonada, macronodular. Vena porta permeable, dilatada. Venas suprahepáticas permeables, no dilatadas. Vía biliar intrahepática y extrahepática normal. Vesícula con litiasis múltiple, no distendida y no edematosa. Bazo ligeramente aumentado de tamaño (15 cm de longitud máxima). El resto no tiene alteraciones. Páncreas no visto por interposición de aire.

Se hace una paracentesis (diagnóstica y evacuadora), y se obtienen 6.000 ml de ascitis.

Análisis del líquido ascítico:
- Glucosa: 120 mg/dl.
- Proteínas: 1,0 g/dl.
- Albúmina: 0,8 g/dl.
- LDH: 40 ui/ml.
- Hematíes: 100 /mm³.
- Leucocitos: 220 /mm³.

Señale la respuesta correcta en caso de que fuese necesario hacer una biopsia hepática en este paciente:","Se puede hacer la biopsia hepática percutánea sin problemas, siempre que sea con control ecográfico.",Ninguna de las respuestas anteriores es correcta.,Para hacer la biopsia hepática con seguridad es necesario administrar plasma fresco y plaquetas.,En este paciente solo es posible hacer la biopsia hepática por vía transyugular.,0b1a98e4f5b9ad7dcfbc8a23e151b197c9f239fe27384d7f48713a1bd65225d3,5c33d66c080a62e0ed6eddd0804802cd953c1cc52779afbec77e0f0b20db8f03,3247,Gemini 3.6 Flash;GLM 5.2;Qwen 3.6 35B;Gemma 4 26B,Gemini 3.6 Flash=d;GLM 5.2=d;Qwen 3.6 35B=d;Gemma 4 26B=d,3,d,0,1,d,0,1,d,0,0,d,0,1
